{
  "overview": {
    "totalMarketPosts": 11123,
    "totalMarketSales": 7741,
    "totalSearchVolume": 2987,
    "avgEngagement": 3.6177245640132814,
    "asterasysMarketShare": 12.748359255596512,
    "asterasysSalesShare": 8.706885415321018
  },
  "categories": {
    "rf": {
      "category": "RF",
      "productCount": 9,
      "totalPosts": 6121,
      "totalComments": 13627,
      "totalViews": 123288,
      "totalSales": 3510,
      "totalSearch": 1585,
      "engagement": 2.2262702172847573,
      "marketShare": 55.030117773981836,
      "salesShare": 45.34297894328898
    },
    "hifu": {
      "category": "HIFU",
      "productCount": 9,
      "totalPosts": 5002,
      "totalComments": 11744,
      "totalViews": 92822,
      "totalSales": 4231,
      "totalSearch": 1402,
      "engagement": 2.347860855657737,
      "marketShare": 44.96988222601816,
      "salesShare": 54.65702105671102
    }
  },
  "brand": {
    "asterasys": {
      "brand": "Asterasys",
      "productCount": 3,
      "totalPosts": 1418,
      "totalComments": 5786,
      "totalViews": 35405,
      "totalSales": 674,
      "totalSearch": 652,
      "engagement": 4.080394922425952,
      "marketShare": 12.748359255596512,
      "salesShare": 8.706885415321018
    },
    "competitors": {
      "brand": "Competitors",
      "productCount": 15,
      "totalPosts": 9705,
      "totalComments": 19585,
      "totalViews": 180705,
      "totalSales": 7067,
      "totalSearch": 2335,
      "engagement": 2.018031942297785,
      "marketShare": 87.25164074440349,
      "salesShare": 91.29311458467897
    },
    "total": {
      "posts": 11123,
      "sales": 7741
    }
  },
  "topProducts": {
    "byPosts": [
      {
        "keyword": "인모드",
        "posts": 941,
        "sov": 8.4599478557943,
        "name": "인모드",
        "name_en": "InMode",
        "category": "RF",
        "category_en": "고주파",
        "brand": "competitor",
        "color": "#98D8C8",
        "priority": 11,
        "sales": 0,
        "searchVolume": 328
      },
      {
        "keyword": "써마지",
        "posts": 928,
        "sov": 8.343072911984176,
        "name": "써마지",
        "name_en": "Thermage",
        "category": "RF",
        "category_en": "고주파",
        "brand": "competitor",
        "color": "#FFA07A",
        "priority": 10,
        "sales": 0,
        "searchVolume": 544
      },
      {
        "keyword": "울쎄라",
        "posts": 904,
        "sov": 8.127303784950103,
        "name": "울쎄라",
        "name_en": "Ulthera",
        "category": "HIFU",
        "category_en": "초음파",
        "brand": "competitor",
        "color": "#FADBD8",
        "priority": 20,
        "sales": 0,
        "searchVolume": 531
      },
      {
        "keyword": "슈링크",
        "posts": 904,
        "sov": 8.127303784950103,
        "name": "슈링크",
        "name_en": "Shrink",
        "category": "HIFU",
        "category_en": "초음파",
        "brand": "competitor",
        "color": "#D5F4E6",
        "priority": 21,
        "sales": 1732,
        "searchVolume": 256
      },
      {
        "keyword": "올리지오",
        "posts": 299,
        "sov": 2.688123707632833,
        "name": "올리지오",
        "name_en": "Oligo",
        "category": "RF",
        "category_en": "고주파",
        "brand": "competitor",
        "color": "#BB8FCE",
        "priority": 13,
        "sales": 1032,
        "searchVolume": 77
      }
    ],
    "bySales": [
      {
        "keyword": "슈링크",
        "posts": 904,
        "sov": 8.127303784950103,
        "name": "슈링크",
        "name_en": "Shrink",
        "category": "HIFU",
        "category_en": "초음파",
        "brand": "competitor",
        "color": "#D5F4E6",
        "priority": 21,
        "sales": 1732,
        "searchVolume": 256
      },
      {
        "keyword": "올리지오",
        "posts": 299,
        "sov": 2.688123707632833,
        "name": "올리지오",
        "name_en": "Oligo",
        "category": "RF",
        "category_en": "고주파",
        "brand": "competitor",
        "color": "#BB8FCE",
        "priority": 13,
        "sales": 1032,
        "searchVolume": 77
      },
      {
        "keyword": "텐써마",
        "posts": 122,
        "sov": 1.0968263957565405,
        "name": "텐써마",
        "name_en": "Tenstherm",
        "category": "RF",
        "category_en": "고주파",
        "brand": "competitor",
        "color": "#A3E4DB",
        "priority": 16,
        "sales": 568,
        "searchVolume": 42
      },
      {
        "keyword": "볼뉴머",
        "posts": 175,
        "sov": 1.5733165512901195,
        "name": "볼뉴머",
        "name_en": "Volnumer",
        "category": "RF",
        "category_en": "고주파",
        "brand": "competitor",
        "color": "#85C1E9",
        "priority": 14,
        "sales": 543,
        "searchVolume": 26
      },
      {
        "keyword": "덴서티",
        "posts": 203,
        "sov": 1.825047199496539,
        "name": "덴서티",
        "name_en": "Density",
        "category": "RF",
        "category_en": "고주파",
        "brand": "competitor",
        "color": "#F7DC6F",
        "priority": 12,
        "sales": 502,
        "searchVolume": 239
      }
    ],
    "bySearch": [
      {
        "keyword": "써마지",
        "posts": 928,
        "sov": 8.343072911984176,
        "name": "써마지",
        "name_en": "Thermage",
        "category": "RF",
        "category_en": "고주파",
        "brand": "competitor",
        "color": "#FFA07A",
        "priority": 10,
        "sales": 0,
        "searchVolume": 544
      },
      {
        "keyword": "울쎄라",
        "posts": 904,
        "sov": 8.127303784950103,
        "name": "울쎄라",
        "name_en": "Ulthera",
        "category": "HIFU",
        "category_en": "초음파",
        "brand": "competitor",
        "color": "#FADBD8",
        "priority": 20,
        "sales": 0,
        "searchVolume": 531
      },
      {
        "keyword": "인모드",
        "posts": 941,
        "sov": 8.4599478557943,
        "name": "인모드",
        "name_en": "InMode",
        "category": "RF",
        "category_en": "고주파",
        "brand": "competitor",
        "color": "#98D8C8",
        "priority": 11,
        "sales": 0,
        "searchVolume": 328
      },
      {
        "keyword": "슈링크",
        "posts": 904,
        "sov": 8.127303784950103,
        "name": "슈링크",
        "name_en": "Shrink",
        "category": "HIFU",
        "category_en": "초음파",
        "brand": "competitor",
        "color": "#D5F4E6",
        "priority": 21,
        "sales": 1732,
        "searchVolume": 256
      },
      {
        "keyword": "덴서티",
        "posts": 203,
        "sov": 1.825047199496539,
        "name": "덴서티",
        "name_en": "Density",
        "category": "RF",
        "category_en": "고주파",
        "brand": "competitor",
        "color": "#F7DC6F",
        "priority": 12,
        "sales": 502,
        "searchVolume": 239
      }
    ],
    "asterasysOnly": [
      {
        "keyword": "리프테라",
        "posts": 63,
        "sov": 0.5663939584644431,
        "name": "리프테라",
        "name_en": "Liftera",
        "category": "HIFU",
        "category_en": "초음파",
        "brand": "asterasys",
        "color": "#45B7D1",
        "priority": 3,
        "sales": 492,
        "searchVolume": 202
      },
      {
        "keyword": "쿨페이즈",
        "posts": 38,
        "sov": 0.34163445113728313,
        "name": "쿨페이즈",
        "name_en": "CoolPhase",
        "category": "RF",
        "category_en": "고주파",
        "brand": "asterasys",
        "color": "#FF6B6B",
        "priority": 1,
        "sales": 159,
        "searchVolume": 220
      },
      {
        "keyword": "쿨소닉",
        "posts": 13,
        "sov": 0.11687494381012317,
        "name": "쿨소닉",
        "name_en": "CoolSonic",
        "category": "HIFU",
        "category_en": "초음파",
        "brand": "asterasys",
        "color": "#4ECDC4",
        "priority": 2,
        "sales": 23,
        "searchVolume": 230
      }
    ]
  },
  "engagement": [
    {
      "keyword": "쿨소닉",
      "posts": 243,