brand,videos,views,sov_posts,sov_views
competitor,651,1921997,0.965875,0.919972
asterasys,23,167193,0.034125,0.080028