{
  "overview": {
    "totalMarketPosts": 72445,
    "totalMarketSales": 332,
    "totalSearchVolume": 843840,
    "avgEngagement": 1.7792168559918078,
    "asterasysMarketShare": 2.949824004417144,
    "asterasysSalesShare": 5.120481927710843
  },
  "categories": {
    "rf": {
      "category": "RF",
      "productCount": 9,
      "totalPosts": 36962,
      "totalComments": 30830,
      "totalViews": 311739,
      "totalSales": 62,
      "totalSearch": 492720,
      "engagement": 0.8340998863697852,
      "marketShare": 51.02077438056457,
      "salesShare": 18.67469879518072
    },
    "hifu": {
      "category": "HIFU",
      "productCount": 9,
      "totalPosts": 35483,
      "totalComments": 30081,
      "totalViews": 242419,
      "totalSales": 270,
      "totalSearch": 351120,
      "engagement": 0.8477580813347236,
      "marketShare": 48.97922561943543,
      "salesShare": 81.32530120481928
    }
  },
  "brand": {
    "asterasys": {
      "brand": "Asterasys",
      "productCount": 3,
      "totalPosts": 2137,
      "totalComments": 11918,
      "totalViews": 68499,
      "totalSales": 17,
      "totalSearch": 48220,
      "engagement": 5.576977070659804,
      "marketShare": 2.949824004417144,
      "salesShare": 5.120481927710843
    },
    "competitors": {
      "brand": "Competitors",
      "productCount": 15,
      "totalPosts": 70308,
      "totalComments": 48993,
      "totalViews": 485659,
      "totalSales": 315,
      "totalSearch": 795620,
      "engagement": 0.6968339307048984,
      "marketShare": 97.05017599558286,
      "salesShare": 94.87951807228916
    },
    "total": {
      "posts": 72445,
      "sales": 332
    }
  },
  "topProducts": {
    "byPosts": [
      {
        "keyword": "울쎄라",
        "posts": 17718,
        "sov": 24.457174408171717,
        "name": "울쎄라",
        "name_en": "Ulthera",
        "category": "HIFU",
        "category_en": "초음파",
        "brand": "competitor",
        "color": "#FADBD8",
        "priority": 20,
        "sales": 0,
        "searchVolume": 161060
      },
      {
        "keyword": "써마지",
        "posts": 14476,
        "sov": 19.982055352336257,
        "name": "써마지",
        "name_en": "Thermage",
        "category": "RF",
        "category_en": "고주파",
        "brand": "competitor",
        "color": "#FFA07A",
        "priority": 10,
        "sales": 0,
        "searchVolume": 81010
      },
      {
        "keyword": "인모드",
        "posts": 10944,
        "sov": 15.106632617848023,
        "name": "인모드",
        "name_en": "InMode",
        "category": "RF",
        "category_en": "고주파",
        "brand": "competitor",
        "color": "#98D8C8",
        "priority": 11,
        "sales": 0,
        "searchVolume": 63960
      },
      {
        "keyword": "슈링크",
        "posts": 10704,
        "sov": 14.775346814825038,
        "name": "슈링크",
        "name_en": "Shrink",
        "category": "HIFU",
        "category_en": "초음파",
        "brand": "competitor",
        "color": "#D5F4E6",
        "priority": 21,
        "sales": 0,
        "searchVolume": 128120
      },
      {
        "keyword": "올리지오",
        "posts": 2418,
        "sov": 3.3377044654565537,
        "name": "올리지오",
        "name_en": "Oligo",
        "category": "RF",
        "category_en": "고주파",
        "brand": "competitor",
        "color": "#BB8FCE",
        "priority": 13,
        "sales": 0,
        "searchVolume": 33300
      }
    ],
    "bySales": [
      {
        "keyword": "울쎄라",
        "posts": 17718,
        "sov": 24.457174408171717,
        "name": "울쎄라",
        "name_en": "Ulthera",
        "category": "HIFU",
        "category_en": "초음파",
        "brand": "competitor",
        "color": "#FADBD8",
        "priority": 20,
        "sales": 0,
        "searchVolume": 161060
      },
      {
        "keyword": "써마지",
        "posts": 14476,
        "sov": 19.982055352336257,
        "name": "써마지",
        "name_en": "Thermage",
        "category": "RF",
        "category_en": "고주파",
        "brand": "competitor",
        "color": "#FFA07A",
        "priority": 10,
        "sales": 0,
        "searchVolume": 81010
      },
      {
        "keyword": "인모드",
        "posts": 10944,
        "sov": 15.106632617848023,
        "name": "인모드",
        "name_en": "InMode",
        "category": "RF",
        "category_en": "고주파",
        "brand": "competitor",
        "color": "#98D8C8",
        "priority": 11,
        "sales": 0,
        "searchVolume": 63960
      },
      {
        "keyword": "슈링크",
        "posts": 10704,
        "sov": 14.775346814825038,
        "name": "슈링크",
        "name_en": "Shrink",
        "category": "HIFU",
        "category_en": "초음파",
        "brand": "competitor",
        "color": "#D5F4E6",
        "priority": 21,
        "sales": 0,
        "searchVolume": 128120
      },
      {
        "keyword": "올리지오",
        "posts": 2418,
        "sov": 3.3377044654565537,
        "name": "올리지오",
        "name_en": "Oligo",
        "category": "RF",
        "category_en": "고주파",
        "brand": "competitor",
        "color": "#BB8FCE",
        "priority": 13,
        "sales": 0,
        "searchVolume": 33300
      }
    ],
    "bySearch": [
      {
        "keyword": "울쎄라",
        "posts": 17718,
        "sov": 24.457174408171717,
        "name": "울쎄라",
        "name_en": "Ulthera",
        "category": "HIFU",
        "category_en": "초음파",
        "brand": "competitor",
        "color": "#FADBD8",
        "priority": 20,
        "sales": 0,
        "searchVolume": 161060
      },
      {
        "keyword": "볼뉴머",
        "posts": 758,
        "sov": 1.046310994547588,
        "name": "볼뉴머",
        "name_en": "Volnumer",
        "category": "RF",
        "category_en": "고주파",
        "brand": "competitor",
        "color": "#85C1E9",
        "priority": 14,
        "sales": 0,
        "searchVolume": 153900
      },
      {
        "keyword": "슈링크",
        "posts": 10704,
        "sov": 14.775346814825038,
        "name": "슈링크",
        "name_en": "Shrink",
        "category": "HIFU",
        "category_en": "초음파",
        "brand": "competitor",
        "color": "#D5F4E6",
        "priority": 21,
        "sales": 0,
        "searchVolume": 128120
      },
      {
        "keyword": "덴서티",
        "posts": 1424,
        "sov": 1.9656290979363655,
        "name": "덴서티",
        "name_en": "Density",
        "category": "RF",
        "category_en": "고주파",
        "brand": "competitor",
        "color": "#F7DC6F",
        "priority": 12,
        "sales": 0,
        "searchVolume": 86510
      },
      {
        "keyword": "써마지",
        "posts": 14476,
        "sov": 19.982055352336257,
        "name": "써마지",
        "name_en": "Thermage",
        "category": "RF",
        "category_en": "고주파",
        "brand": "competitor",
        "color": "#FFA07A",
        "priority": 10,
        "sales": 0,
        "searchVolume": 81010
      }
    ],
    "asterasysOnly": [
      {
        "keyword": "리프테라",
        "posts": 358,
        "sov": 0.49416798950928287,
        "name": "리프테라",
        "name_en": "Liftera",
        "category": "HIFU",
        "category_en": "초음파",
        "brand": "asterasys",
        "color": "#45B7D1",
        "priority": 3,
        "sales": 0,
        "searchVolume": 26250
      },
      {
        "keyword": "쿨페이즈",
        "posts": 132,
        "sov": 0.18220719166264063,
        "name": "쿨페이즈",
        "name_en": "CoolPhase",
        "category": "RF",
        "category_en": "고주파",
        "brand": "asterasys",
        "color": "#FF6B6B",
        "priority": 1,
        "sales": 0,
        "searchVolume": 9980
      },
      {
        "keyword": "쿨소닉",
        "posts": 68,
        "sov": 0.09386431085651184,
        "name": "쿨소닉",
        "name_en": "CoolSonic",
        "category": "HIFU",
        "category_en": "초음파",
        "brand": "asterasys",
        "color": "#4ECDC4",
        "priority": 2,
        "sales": 0,