brand,videos,views,sov_posts,sov_views
competitor,352,2829504,0.953930,0.965835
asterasys,17,100090,0.046070,0.034165