brand,videos,views,sov_posts,sov_views
competitor,1148,6375648,0.990509,0.996225
asterasys,11,24160,0.009491,0.003775